{
    "loss": 9.129783630371094,
    "accuracy": 0.6210989356040955
}