{
    "loss": 34.77269744873047,
    "accuracy": 0.9510601162910461
}