{
    "loss": 69.39765167236328,
    "accuracy": 0.9995999336242676
}