{
    "loss": 19.435375213623047,
    "accuracy": 0.3096412718296051
}