{
    "loss": 7.159217357635498,
    "accuracy": 0.6603094339370728
}